{"cameraMode":{"drawMode":0,"name":"Shaded","section":"Shading Mode"},"sceneLighting":true,"audioPlay":false,"sceneViewState":{"m_AlwaysRefresh":false,"showFog":true,"showSkybox":true,"showFlares":true,"showImageEffects":true,"showParticleSystems":true,"showVisualEffectGraphs":true,"m_FxEnabled":true},"in2DMode":false,"pivot":{"x":0.40092140436172488,"y":-8.44096565246582,"z":12.1815824508667},"rotation":{"x":0.2914692163467407,"y":0.017213167622685434,"z":-0.005244789645075798,"w":0.9564180970191956},"size":11.853029251098633,"orthographic":false}